{
	"MimeType":"application/vnd.nextthought.canvaspolygonshape", 
	"setupExpectedResponse":
							{
								"a": 0.0012077294685990338, 
								"c": 0, 
								"b": 0, 
								"d": 0.0012077294685990338, 
								"tx": 0.5144927536231884, 
								"ty": 0.11835748792270531
							}, 
	"testExpectedResponse":
							{
								"a": 0.06410072463768116, 
								"c": 0, 
								"b": 0, 
								"d": 0.06410072463768116, 
								"tx": 0.15217391304347824, 
								"ty": 0.06280193236714976
							}
}